{"0": {"MAPE CV M\u00e9dio": 5.468537889709826, "MAPE CV Mediano": 5.348568983139843, "MAPE CV Std.": 0.7717207730826722, "MAPE CV IQR": 1.2017085291891902}, "1": {"MAPE CV M\u00e9dio": 6.334389582846237, "MAPE CV Mediano": 5.992834032577845, "MAPE CV Std.": 1.3744882999411303, "MAPE CV IQR": 1.1567497189929083}, "2": {"MAPE CV M\u00e9dio": 6.479283669006897, "MAPE CV Mediano": 5.951572122819754, "MAPE CV Std.": 1.2374473812323805, "MAPE CV IQR": 1.2063890516561147}, "3": {"MAPE CV M\u00e9dio": 6.333685837742686, "MAPE CV Mediano": 5.977544325285096, "MAPE CV Std.": 1.1600302075682156, "MAPE CV IQR": 2.170906078459786}, "4": {"MAPE CV M\u00e9dio": 6.731782695942096, "MAPE CV Mediano": 6.849935589652017, "MAPE CV Std.": 0.7409096634084676, "MAPE CV IQR": 0.8209496684958424}, "5": {"MAPE CV M\u00e9dio": 6.380807228210195, "MAPE CV Mediano": 6.2344088218234806, "MAPE CV Std.": 0.7873057778330943, "MAPE CV IQR": 0.8315918679452681}, "6": {"MAPE CV M\u00e9dio": 5.441166363825322, "MAPE CV Mediano": 5.290730550897919, "MAPE CV Std.": 0.9534464367190703, "MAPE CV IQR": 0.25110202033402107}, "7": {"MAPE CV M\u00e9dio": 5.33553982162168, "MAPE CV Mediano": 4.822403457774436, "MAPE CV Std.": 1.1405160324937664, "MAPE CV IQR": 0.22336970788141564}, "8": {"MAPE CV M\u00e9dio": 5.207658282327884, "MAPE CV Mediano": 4.876460647709047, "MAPE CV Std.": 0.7671492552881728, "MAPE CV IQR": 0.24734206136417303}, "9": {"MAPE CV M\u00e9dio": 5.505297489689779, "MAPE CV Mediano": 5.05167598532565, "MAPE CV Std.": 1.2958581797627342, "MAPE CV IQR": 0.2226933502921531}, "10": {"MAPE CV M\u00e9dio": 5.375149038047742, "MAPE CV Mediano": 5.050073122035714, "MAPE CV Std.": 0.7957039313870855, "MAPE CV IQR": 0.1460326588379388}, "11": {"MAPE CV M\u00e9dio": 6.139412730287804, "MAPE CV Mediano": 6.121565621063862, "MAPE CV Std.": 1.1167904670926692, "MAPE CV IQR": 1.52639561658206}, "12": {"MAPE CV M\u00e9dio": 5.658787749510811, "MAPE CV Mediano": 5.629182684122182, "MAPE CV Std.": 0.7342150457380602, "MAPE CV IQR": 0.4101081775842399}, "13": {"MAPE CV M\u00e9dio": 6.163339569194185, "MAPE CV Mediano": 5.79141337990072, "MAPE CV Std.": 0.954523015439645, "MAPE CV IQR": 1.3922244029864705}, "14": {"MAPE CV M\u00e9dio": 5.759176470117807, "MAPE CV Mediano": 5.198022701826974, "MAPE CV Std.": 1.1471837301844061, "MAPE CV IQR": 1.0220072729360172}, "15": {"MAPE CV M\u00e9dio": 5.887561644341296, "MAPE CV Mediano": 5.577335133913848, "MAPE CV Std.": 1.0172316932426086, "MAPE CV IQR": 0.16802681090590177}, "16": {"MAPE CV M\u00e9dio": 5.038202273904046, "MAPE CV Mediano": 4.754023146737588, "MAPE CV Std.": 0.8725366587349117, "MAPE CV IQR": 0.6717118879845554}, "17": {"MAPE CV M\u00e9dio": 5.773042449512047, "MAPE CV Mediano": 5.45691548124646, "MAPE CV Std.": 0.9167846212314902, "MAPE CV IQR": 0.6774597829773228}, "18": {"MAPE CV M\u00e9dio": 6.557140559888518, "MAPE CV Mediano": 5.873825427162774, "MAPE CV Std.": 1.397399121299601, "MAPE CV IQR": 0.5733927482704537}, "19": {"MAPE CV M\u00e9dio": 5.558324202183122, "MAPE CV Mediano": 4.992431281644713, "MAPE CV Std.": 1.075313297829525, "MAPE CV IQR": 0.6294104390109352}}