{"0": {"MAPE CV M\u00e9dio": 2.7159137915627425, "MAPE CV Mediano": 2.6067450841397886, "MAPE CV Std.": 0.40233759454277274, "MAPE CV IQR": 0.25913607001801564}, "1": {"MAPE CV M\u00e9dio": 3.280918160874511, "MAPE CV Mediano": 2.92395440352869, "MAPE CV Std.": 0.8524374413318604, "MAPE CV IQR": 0.8981968188695331}, "2": {"MAPE CV M\u00e9dio": 3.0482745141058514, "MAPE CV Mediano": 2.9482544701619484, "MAPE CV Std.": 0.33568207557787494, "MAPE CV IQR": 0.277538500076437}, "3": {"MAPE CV M\u00e9dio": 2.767044540113876, "MAPE CV Mediano": 2.614321339285528, "MAPE CV Std.": 0.44229269520023023, "MAPE CV IQR": 0.39393975149561067}, "4": {"MAPE CV M\u00e9dio": 3.9103962891225614, "MAPE CV Mediano": 3.5836631642581356, "MAPE CV Std.": 0.6694249846384056, "MAPE CV IQR": 0.5344948615447249}, "5": {"MAPE CV M\u00e9dio": 3.5485541315123124, "MAPE CV Mediano": 3.4940527341822505, "MAPE CV Std.": 0.5505734025125144, "MAPE CV IQR": 1.0084464344603963}, "6": {"MAPE CV M\u00e9dio": 2.7400762460427512, "MAPE CV Mediano": 2.6011873905431124, "MAPE CV Std.": 0.44750344659624997, "MAPE CV IQR": 0.34080206837744687}, "7": {"MAPE CV M\u00e9dio": 2.8909141984020854, "MAPE CV Mediano": 2.691113423269644, "MAPE CV Std.": 0.43470734697333546, "MAPE CV IQR": 0.7457698135417687}, "8": {"MAPE CV M\u00e9dio": 2.700383603567148, "MAPE CV Mediano": 2.53990643956313, "MAPE CV Std.": 0.40258523353620773, "MAPE CV IQR": 0.2710457366567698}, "9": {"MAPE CV M\u00e9dio": 2.728027292059597, "MAPE CV Mediano": 2.626369099783282, "MAPE CV Std.": 0.41120172635753743, "MAPE CV IQR": 0.27139730026784825}, "10": {"MAPE CV M\u00e9dio": 2.7237369989210123, "MAPE CV Mediano": 2.6178219833477687, "MAPE CV Std.": 0.4124730380377273, "MAPE CV IQR": 0.2716057013888733}, "11": {"MAPE CV M\u00e9dio": 2.9992730778646637, "MAPE CV Mediano": 3.011054446699152, "MAPE CV Std.": 0.5280074964721877, "MAPE CV IQR": 1.1469803647415038}, "12": {"MAPE CV M\u00e9dio": 2.7301368676869937, "MAPE CV Mediano": 2.5906379914919584, "MAPE CV Std.": 0.4139837054323697, "MAPE CV IQR": 0.24945273140124602}, "13": {"MAPE CV M\u00e9dio": 2.7155702354731703, "MAPE CV Mediano": 2.54447486154193, "MAPE CV Std.": 0.4280623511237316, "MAPE CV IQR": 0.1529675094442826}, "14": {"MAPE CV M\u00e9dio": 3.5097490594729903, "MAPE CV Mediano": 3.4206087212257716, "MAPE CV Std.": 0.976183135108144, "MAPE CV IQR": 1.3244697907840002}, "15": {"MAPE CV M\u00e9dio": 3.0268603627823256, "MAPE CV Mediano": 2.735191807906095, "MAPE CV Std.": 0.3936169278721925, "MAPE CV IQR": 0.6420758800425808}, "16": {"MAPE CV M\u00e9dio": 2.683362863292545, "MAPE CV Mediano": 2.5337114935621505, "MAPE CV Std.": 0.4278632528837994, "MAPE CV IQR": 0.32658262841957963}, "17": {"MAPE CV M\u00e9dio": 2.8767648559550087, "MAPE CV Mediano": 2.6999103743243444, "MAPE CV Std.": 0.4485992700643735, "MAPE CV IQR": 0.1618835720677012}, "18": {"MAPE CV M\u00e9dio": 3.0115800242406805, "MAPE CV Mediano": 2.83350973803262, "MAPE CV Std.": 0.42894872087818214, "MAPE CV IQR": 0.1644200663226183}, "19": {"MAPE CV M\u00e9dio": 2.860154243197351, "MAPE CV Mediano": 2.6697912162319968, "MAPE CV Std.": 0.5952218082343951, "MAPE CV IQR": 0.38454568975271197}}